"lower","upper","conv.l","conv.u"
-0.143229166666667,0.176323784722222,1,1
