"lower","upper","conv.l","conv.u"
-0.189344618055555,0.242513020833333,1,1
