"lower","upper","conv.l","conv.u"
0.336371527777778,0.984700520833333,1,1
