"lower","upper","conv.l","conv.u"
-0.216471354166667,0.338541666666667,1,1
