"lower","upper","conv.l","conv.u"
0.208333333333333,0.592447916666667,1,1
