"lower","upper","conv.l","conv.u"
-0.478515625,0.0922309027777777,1,1
