"lower","upper","conv.l","conv.u"
-0.0819227430555555,0.876736111111111,1,1
