"lower","upper","conv.l","conv.u"
-0.0455729166666667,0.416124131944444,1,1
