"lower","upper","conv.l","conv.u"
-0.0862630208333333,0.187717013888889,1,1
