"lower","upper","conv.l","conv.u"
0.128580729166667,0.744900173611111,1,1
