"lower","upper","conv.l","conv.u"
0.0737847222222224,0.416666666666667,1,1
