"lower","upper","conv.l","conv.u"
-0.316297743055555,0.0450303819444444,1,1
