"lower","upper","conv.l","conv.u"
-0.186089409722222,0.0146484375,1,1
