"lower","upper","conv.l","conv.u"
0.388997395833333,0.908745659722222,1,1
