"lower","upper","conv.l","conv.u"
-0.118272569444444,0.147026909722222,1,1
