"lower","upper","conv.l","conv.u"
0.243055555555556,0.554470486111111,1,1
