"lower","upper","conv.l","conv.u"
-0.0634765625,0.258246527777778,1,1
