"lower","upper","conv.l","conv.u"
-0.150282118055555,0.576714409722222,1,1
