"lower","upper","conv.l","conv.u"
-0.390082465277778,0.243598090277778,1,1
