"lower","upper","conv.l","conv.u"
-0.157877604166667,0.364583333333333,1,1
