"lower","upper","conv.l","conv.u"
0.00759548611111111,0.665147569444444,1,1
