"lower","upper","conv.l","conv.u"
0.00705295138888891,0.367296006944445,1,1
