"t18_alpha0.95.lower","t18_alpha0.95.upper","t18_alpha0.95.conv.l","t18_alpha0.95.conv.u"
-0.184461805555555,0.386284722222222,1,1
-0.238172743055555,0.323893229166667,1,1
