"t18_alpha0.95.lower","t18_alpha0.95.upper","t18_alpha0.95.conv.l","t18_alpha0.95.conv.u"
-0.0330946180555555,0.400390625,1,1
-0.0515407986111111,0.372178819444444,1,1
