"t12_alpha0.95.lower","t12_alpha0.95.upper","t12_alpha0.95.conv.l","t12_alpha0.95.conv.u"
0.0477430555555555,0.560980902777778,1,1
0.000542534722222224,0.46875,1,1
