"t12_alpha0.95.lower","t12_alpha0.95.upper","t12_alpha0.95.conv.l","t12_alpha0.95.conv.u"
0.0336371527777779,0.377061631944445,1,1
0.000542534722222224,0.303819444444445,1,1
