"t2_alpha0.9944.lower","t2_alpha0.9944.upper","t2_alpha0.9944.conv.l","t2_alpha0.9944.conv.u","t4_alpha0.9944.lower","t4_alpha0.9944.upper","t4_alpha0.9944.conv.l","t4_alpha0.9944.conv.u","t6_alpha0.9944.lower","t6_alpha0.9944.upper","t6_alpha0.9944.conv.l","t6_alpha0.9944.conv.u","t8_alpha0.9944.lower","t8_alpha0.9944.upper","t8_alpha0.9944.conv.l","t8_alpha0.9944.conv.u","t10_alpha0.9944.lower","t10_alpha0.9944.upper","t10_alpha0.9944.conv.l","t10_alpha0.9944.conv.u","t12_alpha0.9944.lower","t12_alpha0.9944.upper","t12_alpha0.9944.conv.l","t12_alpha0.9944.conv.u","t14_alpha0.9944.lower","t14_alpha0.9944.upper","t14_alpha0.9944.conv.l","t14_alpha0.9944.conv.u","t16_alpha0.9944.lower","t16_alpha0.9944.upper","t16_alpha0.9944.conv.l","t16_alpha0.9944.conv.u","t18_alpha0.9944.lower","t18_alpha0.9944.upper","t18_alpha0.9944.conv.l","t18_alpha0.9944.conv.u","combined.lower","combined.upper","combined.conv.l","combined.conv.u"
0.0358072916666667,1.25868055555556,1,1,0.175238715277778,1.14691840277778,1,1,0.217556423611111,1.07638888888889,1,1,0.217556423611111,1.06011284722222,1,1,0.283203125,1.10677083333333,1,1,0.269639756944444,1.11653645833333,1,1,0.171983506944444,1.09537760416667,1,1,0.152452256944444,1.10731336805556,1,1,0.0694444444444444,1.12901475694444,1,1,0.283203125,1.06011284722222,1,1
-0.2001953125,0.966254340277777,1,1,-0.0906032986111111,0.867513020833333,1,1,0.000542534722222222,0.926649305555555,1,1,-0.0472005208333333,0.907118055555555,1,1,-0.0694444444444444,0.842013888888889,1,1,-0.128038194444444,0.750868055555555,1,1,-0.149197048611111,0.884331597222222,1,1,-0.196397569444444,0.936414930555555,1,1,-0.243055555555555,1.07747395833333,1,1,0.000542534722222222,0.750868055555555,1,1
