"t2_alpha0.5.lower","t2_alpha0.5.upper","t2_alpha0.5.conv.l","t2_alpha0.5.conv.u","t4_alpha0.5.lower","t4_alpha0.5.upper","t4_alpha0.5.conv.l","t4_alpha0.5.conv.u","t6_alpha0.5.lower","t6_alpha0.5.upper","t6_alpha0.5.conv.l","t6_alpha0.5.conv.u","t8_alpha0.5.lower","t8_alpha0.5.upper","t8_alpha0.5.conv.l","t8_alpha0.5.conv.u","t10_alpha0.5.lower","t10_alpha0.5.upper","t10_alpha0.5.conv.l","t10_alpha0.5.conv.u","t12_alpha0.5.lower","t12_alpha0.5.upper","t12_alpha0.5.conv.l","t12_alpha0.5.conv.u","t14_alpha0.5.lower","t14_alpha0.5.upper","t14_alpha0.5.conv.l","t14_alpha0.5.conv.u","t16_alpha0.5.lower","t16_alpha0.5.upper","t16_alpha0.5.conv.l","t16_alpha0.5.conv.u","t18_alpha0.5.lower","t18_alpha0.5.upper","t18_alpha0.5.conv.l","t18_alpha0.5.conv.u","combined.lower","combined.upper","combined.conv.l","combined.conv.u"
0.41015625,0.779622395833333,1,1,0.412868923611111,0.728624131944444,1,1,0.375434027777778,0.586480034722222,1,1,0.255533854166667,0.529513888888889,1,1,0.198567708333334,0.411241319444445,1,1,0.147569444444445,0.4248046875,1,1,0.134006076388889,0.4296875,1,1,0.0683593750000002,0.514322916666667,1,1,0.0249565972222222,0.576714409722222,1,1,0.198567708333334,0.529513888888889,1,1
0.145399305555556,0.488823784722222,1,1,0.162760416666667,0.429144965277778,1,1,0.207248263888889,0.394422743055556,1,1,0.152452256944445,0.370551215277778,1,1,0.125868055555556,0.317382812500001,1,1,0.092230902777778,0.340711805555556,1,1,0.0526258680555557,0.308702256944445,1,1,0.0537109375000002,0.451388888888889,1,1,0.0341796875000001,0.538736979166667,1,1,0.125868055555556,0.394422743055556,1,1
