"t2_alpha0.9944.lower","t2_alpha0.9944.upper","t2_alpha0.9944.conv.l","t2_alpha0.9944.conv.u","t4_alpha0.9944.lower","t4_alpha0.9944.upper","t4_alpha0.9944.conv.l","t4_alpha0.9944.conv.u","t6_alpha0.9944.lower","t6_alpha0.9944.upper","t6_alpha0.9944.conv.l","t6_alpha0.9944.conv.u","t8_alpha0.9944.lower","t8_alpha0.9944.upper","t8_alpha0.9944.conv.l","t8_alpha0.9944.conv.u","t10_alpha0.9944.lower","t10_alpha0.9944.upper","t10_alpha0.9944.conv.l","t10_alpha0.9944.conv.u","t12_alpha0.9944.lower","t12_alpha0.9944.upper","t12_alpha0.9944.conv.l","t12_alpha0.9944.conv.u","t14_alpha0.9944.lower","t14_alpha0.9944.upper","t14_alpha0.9944.conv.l","t14_alpha0.9944.conv.u","t16_alpha0.9944.lower","t16_alpha0.9944.upper","t16_alpha0.9944.conv.l","t16_alpha0.9944.conv.u","t18_alpha0.9944.lower","t18_alpha0.9944.upper","t18_alpha0.9944.conv.l","t18_alpha0.9944.conv.u","combined.lower","combined.upper","combined.conv.l","combined.conv.u"
0.0358072916666667,1.49576822916667,1,1,0.208875868055555,1.42198350694444,1,1,0.235460069444444,1.43446180555556,1,1,0.243055555555555,1.45941840277778,1,1,0.361870659722222,1.5283203125,1,1,0.340711805555555,1.58854166666667,1,1,0.235460069444444,1.68891059027778,1,1,0.192057291666667,1.728515625,1,1,0.103081597222222,1.74967447916667,1,1,0.361870659722222,1.42198350694444,1,1
-0.198567708333333,1.19791666666667,1,1,-0.125868055555556,1.1865234375,1,1,-0.0222439236111111,1.29503038194444,1,1,-0.0401475694444444,1.25217013888889,1,1,-0.0428602430555555,1.16156684027778,1,1,-0.164930555555555,1.14691840277778,1,1,-0.243055555555555,1.30805121527778,1,1,-0.263129340277778,1.39377170138889,1,1,-0.335828993055555,1.56684027777778,1,1,-0.0222439236111111,1.14691840277778,1,1
