"t6_alpha0.975.lower","t6_alpha0.975.upper","t6_alpha0.975.conv.l","t6_alpha0.975.conv.u","t12_alpha0.975.lower","t12_alpha0.975.upper","t12_alpha0.975.conv.l","t12_alpha0.975.conv.u","t18_alpha0.975.lower","t18_alpha0.975.upper","t18_alpha0.975.conv.l","t18_alpha0.975.conv.u","combined.lower","combined.upper","combined.conv.l","combined.conv.u"
-0.0434027777777778,0.336371527777778,1,1,-0.130208333333333,0.364583333333333,1,1,-0.192599826388889,0.404188368055555,1,1,-0.130208333333333,0.364583333333333,1,1
-0.138888888888889,0.249565972222222,1,1,-0.188259548611111,0.314127604166667,1,1,-0.245768229166667,0.346137152777778,1,1,-0.188259548611111,0.314127604166667,1,1
