"t6_alpha0.975.lower","t6_alpha0.975.upper","t6_alpha0.975.conv.l","t6_alpha0.975.conv.u","t12_alpha0.975.lower","t12_alpha0.975.upper","t12_alpha0.975.conv.l","t12_alpha0.975.conv.u","t18_alpha0.975.lower","t18_alpha0.975.upper","t18_alpha0.975.conv.l","t18_alpha0.975.conv.u","combined.lower","combined.upper","combined.conv.l","combined.conv.u"
0.162217881944444,0.572916666666667,1,1,0.026584201388889,0.394965277777778,1,1,-0.0520833333333333,0.411241319444444,1,1,0.026584201388889,0.411241319444444,1,1
0.0705295138888891,0.432400173611111,1,1,-0.0189887152777778,0.323350694444444,1,1,-0.068359375,0.3857421875,1,1,-0.0189887152777778,0.3857421875,1,1
