"t6_alpha0.9833.lower","t6_alpha0.9833.upper","t6_alpha0.9833.conv.l","t6_alpha0.9833.conv.u","t12_alpha0.9833.lower","t12_alpha0.9833.upper","t12_alpha0.9833.conv.l","t12_alpha0.9833.conv.u","t18_alpha0.9833.lower","t18_alpha0.9833.upper","t18_alpha0.9833.conv.l","t18_alpha0.9833.conv.u","combined.lower","combined.upper","combined.conv.l","combined.conv.u"
-0.0792100694444444,0.597873263888889,1,1,-0.277235243055555,0.829535590277777,1,1,-0.477430555555555,1.05523003472222,1,1,-0.0792100694444444,0.597873263888889,1,1
-0.222981770833333,0.4443359375,1,1,-0.379774305555555,0.7470703125,1,1,-0.5615234375,0.850151909722222,1,1,-0.222981770833333,0.4443359375,1,1
