"t6_alpha0.975.lower","t6_alpha0.975.upper","t6_alpha0.975.conv.l","t6_alpha0.975.conv.u","t12_alpha0.975.lower","t12_alpha0.975.upper","t12_alpha0.975.conv.l","t12_alpha0.975.conv.u","t18_alpha0.975.lower","t18_alpha0.975.upper","t18_alpha0.975.conv.l","t18_alpha0.975.conv.u","combined.lower","combined.upper","combined.conv.l","combined.conv.u"
0.2880859375,1.31510416666667,1,1,0.397677951388889,1.47243923611111,1,1,0.158962673611111,1.63953993055556,1,1,0.2880859375,1.47243923611111,1,1
0.0542534722222222,1.17133246527778,1,1,-0.0705295138888889,1.01671006944444,1,1,-0.279947916666667,1.3916015625,1,1,-0.0705295138888889,1.17133246527778,1,1
