"t12_alpha0.95.lower","t12_alpha0.95.upper","t12_alpha0.95.conv.l","t12_alpha0.95.conv.u"
0.331488715277778,1.00694444444444,1,1
-0.0276692708333333,0.64453125,1,1
