"t2_alpha0.9781.lower","t2_alpha0.9781.upper","t2_alpha0.9781.conv.l","t2_alpha0.9781.conv.u","t6_alpha0.9891.lower","t6_alpha0.9891.upper","t6_alpha0.9891.conv.l","t6_alpha0.9891.conv.u","t10_alpha0.9927.lower","t10_alpha0.9927.upper","t10_alpha0.9927.conv.l","t10_alpha0.9927.conv.u","t14_alpha0.9945.lower","t14_alpha0.9945.upper","t14_alpha0.9945.conv.l","t14_alpha0.9945.conv.u","t18_alpha0.9956.lower","t18_alpha0.9956.upper","t18_alpha0.9956.conv.l","t18_alpha0.9956.conv.u","combined.lower","combined.upper","combined.conv.l","combined.conv.u"
0.286458333333333,0.919596354166666,1,1,0.178493923611111,0.729166666666666,1,1,0.0320095486111111,0.617404513888889,1,1,-0.0330946180555555,0.656467013888889,1,1,-0.120442708333333,0.780164930555555,1,1,0.286458333333333,0.617404513888889,1,1
0.0151909722222222,0.621202256944444,1,1,0.0743272569444444,0.559353298611111,1,1,-0.00868055555555555,0.538736979166666,1,1,-0.107964409722222,0.569661458333333,1,1,-0.154079861111111,0.774739583333333,1,1,0.0743272569444444,0.538736979166666,1,1
