"t2_alpha0.5.lower","t2_alpha0.5.upper","t2_alpha0.5.conv.l","t2_alpha0.5.conv.u","t4_alpha0.5.lower","t4_alpha0.5.upper","t4_alpha0.5.conv.l","t4_alpha0.5.conv.u","t6_alpha0.5.lower","t6_alpha0.5.upper","t6_alpha0.5.conv.l","t6_alpha0.5.conv.u","t8_alpha0.5.lower","t8_alpha0.5.upper","t8_alpha0.5.conv.l","t8_alpha0.5.conv.u","t10_alpha0.5.lower","t10_alpha0.5.upper","t10_alpha0.5.conv.l","t10_alpha0.5.conv.u","t12_alpha0.5.lower","t12_alpha0.5.upper","t12_alpha0.5.conv.l","t12_alpha0.5.conv.u","t14_alpha0.5.lower","t14_alpha0.5.upper","t14_alpha0.5.conv.l","t14_alpha0.5.conv.u","t16_alpha0.5.lower","t16_alpha0.5.upper","t16_alpha0.5.conv.l","t16_alpha0.5.conv.u","t18_alpha0.5.lower","t18_alpha0.5.upper","t18_alpha0.5.conv.l","t18_alpha0.5.conv.u","combined.lower","combined.upper","combined.conv.l","combined.conv.u"
0.100911458333334,0.325520833333334,1,1,0.0585937500000002,0.305447048611112,1,1,0.0108506944444445,0.281575520833334,1,1,-0.0119357638888889,0.291341145833333,1,1,-0.0385199652777778,0.289713541666667,1,1,-0.0596788194444444,0.290256076388889,1,1,-0.0710720486111111,0.310329861111111,1,1,-0.0987413194444444,0.319010416666667,1,1,-0.122612847222222,0.319552951388889,1,1,-0.0385199652777778,0.305447048611112,1,1
-0.009765625,0.212673611111111,1,1,-0.0591362847222222,0.187174479166667,1,1,-0.0672743055555555,0.184461805555555,1,1,-0.0889756944444444,0.181206597222222,1,1,-0.0987413194444444,0.227322048611111,1,1,-0.116644965277778,0.240342881944444,1,1,-0.125325520833333,0.2587890625,1,1,-0.147569444444444,0.252821180555555,1,1,-0.1806640625,0.234375,1,1,-0.0987413194444444,0.227322048611111,1,1
