"t6_alpha0.975.lower","t6_alpha0.975.upper","t6_alpha0.975.conv.l","t6_alpha0.975.conv.u","t12_alpha0.975.lower","t12_alpha0.975.upper","t12_alpha0.975.conv.l","t12_alpha0.975.conv.u","t18_alpha0.975.lower","t18_alpha0.975.upper","t18_alpha0.975.conv.l","t18_alpha0.975.conv.u","combined.lower","combined.upper","combined.conv.l","combined.conv.u"
0.192057291666667,0.706380208333333,1,1,0.0238715277777778,0.579427083333333,1,1,-0.0868055555555555,0.7275390625,1,1,0.0238715277777778,0.706380208333333,1,1
0.0835503472222225,0.539279513888889,1,1,-0.0271267361111111,0.503472222222222,1,1,-0.109049479166667,0.702582465277778,1,1,-0.0271267361111111,0.539279513888889,1,1
