"t2_alpha0.9823.lower","t2_alpha0.9823.upper","t2_alpha0.9823.conv.l","t2_alpha0.9823.conv.u","t4_alpha0.9912.lower","t4_alpha0.9912.upper","t4_alpha0.9912.conv.l","t4_alpha0.9912.conv.u","t6_alpha0.9941.lower","t6_alpha0.9941.upper","t6_alpha0.9941.conv.l","t6_alpha0.9941.conv.u","t8_alpha0.9956.lower","t8_alpha0.9956.upper","t8_alpha0.9956.conv.l","t8_alpha0.9956.conv.u","t10_alpha0.9965.lower","t10_alpha0.9965.upper","t10_alpha0.9965.conv.l","t10_alpha0.9965.conv.u","t12_alpha0.9971.lower","t12_alpha0.9971.upper","t12_alpha0.9971.conv.l","t12_alpha0.9971.conv.u","t14_alpha0.9975.lower","t14_alpha0.9975.upper","t14_alpha0.9975.conv.l","t14_alpha0.9975.conv.u","t16_alpha0.9978.lower","t16_alpha0.9978.upper","t16_alpha0.9978.conv.l","t16_alpha0.9978.conv.u","t18_alpha0.998.lower","t18_alpha0.998.upper","t18_alpha0.998.conv.l","t18_alpha0.998.conv.u","combined.lower","combined.upper","combined.conv.l","combined.conv.u"
0.0689019097222222,1.36555989583333,1,1,0.209418402777778,1.40245225694444,1,1,0.243598090277778,1.42469618055556,1,1,0.256618923611111,1.47352430555556,1,1,0.329861111111111,1.56684027777778,1,1,0.339084201388889,1.61241319444444,1,1,0.209418402777778,1.73828125,1,1,0.179036458333333,1.77463107638889,1,1,0.0651041666666666,1.83213975694444,1,1,0.339084201388889,1.36555989583333,1,1
-0.134006076388889,1.10622829861111,1,1,-0.104166666666667,1.18272569444444,1,1,-0.0135633680555556,1.27549913194444,1,1,-0.0547960069444444,1.25108506944444,1,1,-0.0580512152777778,1.16970486111111,1,1,-0.182291666666667,1.21961805555555,1,1,-0.1904296875,1.39051649305556,1,1,-0.291341145833333,1.38454861111111,1,1,-0.373263888888889,1.61404079861111,1,1,-0.0135633680555556,1.10622829861111,1,1
