"t18_alpha0.95.lower","t18_alpha0.95.upper","t18_alpha0.95.conv.l","t18_alpha0.95.conv.u"
0.132921006944444,1.01671006944444,1,1
-0.160047743055556,0.862630208333333,1,1
