"t2_alpha0.5.lower","t2_alpha0.5.upper","t2_alpha0.5.conv.l","t2_alpha0.5.conv.u","t6_alpha0.5.lower","t6_alpha0.5.upper","t6_alpha0.5.conv.l","t6_alpha0.5.conv.u","t10_alpha0.5.lower","t10_alpha0.5.upper","t10_alpha0.5.conv.l","t10_alpha0.5.conv.u","t14_alpha0.5.lower","t14_alpha0.5.upper","t14_alpha0.5.conv.l","t14_alpha0.5.conv.u","t18_alpha0.5.lower","t18_alpha0.5.upper","t18_alpha0.5.conv.l","t18_alpha0.5.conv.u","combined.lower","combined.upper","combined.conv.l","combined.conv.u"
0.410698784722222,0.776909722222222,1,1,0.371636284722222,0.586480034722222,1,1,0.200195312500001,0.412868923611111,1,1,0.132378472222223,0.427517361111111,1,1,0.0244140625,0.5712890625,1,1,0.200195312500001,0.5712890625,1,1
0.147569444444445,0.485568576388889,1,1,0.207790798611112,0.394422743055556,1,1,0.125868055555556,0.319010416666667,1,1,0.0515407986111113,0.311957465277778,1,1,0.0341796875000001,0.538736979166667,1,1,0.125868055555556,0.394422743055556,1,1
