"t2_alpha0.99.lower","t2_alpha0.99.upper","t2_alpha0.99.conv.l","t2_alpha0.99.conv.u","t6_alpha0.99.lower","t6_alpha0.99.upper","t6_alpha0.99.conv.l","t6_alpha0.99.conv.u","t10_alpha0.99.lower","t10_alpha0.99.upper","t10_alpha0.99.conv.l","t10_alpha0.99.conv.u","t14_alpha0.99.lower","t14_alpha0.99.upper","t14_alpha0.99.conv.l","t14_alpha0.99.conv.u","t18_alpha0.99.lower","t18_alpha0.99.upper","t18_alpha0.99.conv.l","t18_alpha0.99.conv.u","combined.lower","combined.upper","combined.conv.l","combined.conv.u"
0.0547960069444444,1.21527777777778,1,1,0.228407118055555,1.04329427083333,1,1,0.295138888888889,1.06391059027778,1,1,0.191514756944444,1.06716579861111,1,1,0.0900607638888889,1.11111111111111,1,1,0.295138888888889,1.04329427083333,1,1
-0.169270833333333,0.9326171875,1,1,-0.00271267361111111,0.893012152777777,1,1,-0.0244140625,0.792100694444444,1,1,-0.145399305555556,0.850151909722222,1,1,-0.215928819444444,1.00802951388889,1,1,-0.00271267361111111,0.792100694444444,1,1
