"t6_alpha0.9727.lower","t6_alpha0.9727.upper","t6_alpha0.9727.conv.l","t6_alpha0.9727.conv.u","t12_alpha0.9864.lower","t12_alpha0.9864.upper","t12_alpha0.9864.conv.l","t12_alpha0.9864.conv.u","t18_alpha0.9909.lower","t18_alpha0.9909.upper","t18_alpha0.9909.conv.l","t18_alpha0.9909.conv.u","combined.lower","combined.upper","combined.conv.l","combined.conv.u"
-0.0412326388888889,0.329318576388889,1,1,-0.137261284722222,0.369466145833333,1,1,-0.209418402777778,0.428059895833333,1,1,-0.0412326388888889,0.329318576388889,1,1
-0.139431423611111,0.244140625,1,1,-0.201822916666667,0.332573784722222,1,1,-0.263129340277778,0.371636284722222,1,1,-0.139431423611111,0.244140625,1,1
