"t2_alpha0.5.lower","t2_alpha0.5.upper","t2_alpha0.5.conv.l","t2_alpha0.5.conv.u","t6_alpha0.5.lower","t6_alpha0.5.upper","t6_alpha0.5.conv.l","t6_alpha0.5.conv.u","t10_alpha0.5.lower","t10_alpha0.5.upper","t10_alpha0.5.conv.l","t10_alpha0.5.conv.u","t14_alpha0.5.lower","t14_alpha0.5.upper","t14_alpha0.5.conv.l","t14_alpha0.5.conv.u","t18_alpha0.5.lower","t18_alpha0.5.upper","t18_alpha0.5.conv.l","t18_alpha0.5.conv.u","combined.lower","combined.upper","combined.conv.l","combined.conv.u"
0.1318359375,0.453559027777778,1,1,0.0119357638888889,0.494249131944444,1,1,-0.0808376736111111,0.616861979166666,1,1,-0.163845486111111,0.738389756944444,1,1,-0.2978515625,0.826822916666666,1,1,-0.0808376736111111,0.616861979166666,1,1
-0.0124782986111111,0.292426215277778,1,1,-0.111219618055556,0.322265625,1,1,-0.192057291666667,0.4736328125,1,1,-0.264214409722222,0.592990451388889,1,1,-0.411783854166667,0.563693576388889,1,1,-0.192057291666667,0.4736328125,1,1
