"t2_alpha0.9781.lower","t2_alpha0.9781.upper","t2_alpha0.9781.conv.l","t2_alpha0.9781.conv.u","t6_alpha0.9891.lower","t6_alpha0.9891.upper","t6_alpha0.9891.conv.l","t6_alpha0.9891.conv.u","t10_alpha0.9927.lower","t10_alpha0.9927.upper","t10_alpha0.9927.conv.l","t10_alpha0.9927.conv.u","t14_alpha0.9945.lower","t14_alpha0.9945.upper","t14_alpha0.9945.conv.l","t14_alpha0.9945.conv.u","t18_alpha0.9956.lower","t18_alpha0.9956.upper","t18_alpha0.9956.conv.l","t18_alpha0.9956.conv.u","combined.lower","combined.upper","combined.conv.l","combined.conv.u"
0.0851779513888889,1.11056857638889,1,1,0.217013888888889,1.05034722222222,1,1,0.300021701388889,1.06716579861111,1,1,0.174696180555555,1.11328125,1,1,0.0607638888888889,1.14149305555556,1,1,0.300021701388889,1.05034722222222,1,1
-0.123697916666667,0.867513020833333,1,1,0,0.8984375,1,1,-0.0472005208333333,0.801323784722222,1,1,-0.155164930555555,0.902777777777777,1,1,-0.252278645833333,1.02267795138889,1,1,0,0.801323784722222,1,1
