"t6_alpha0.9833.lower","t6_alpha0.9833.upper","t6_alpha0.9833.conv.l","t6_alpha0.9833.conv.u","t12_alpha0.9833.lower","t12_alpha0.9833.upper","t12_alpha0.9833.conv.l","t12_alpha0.9833.conv.u","t18_alpha0.9833.lower","t18_alpha0.9833.upper","t18_alpha0.9833.conv.l","t18_alpha0.9833.conv.u","combined.lower","combined.upper","combined.conv.l","combined.conv.u"
0.194769965277778,0.714518229166666,1,1,0.0352647569444444,0.589192708333333,1,1,-0.0819227430555555,0.744357638888889,1,1,0.194769965277778,0.589192708333333,1,1
0.0819227430555558,0.5419921875,1,1,-0.0298394097222222,0.509982638888889,1,1,-0.128038194444444,0.731336805555555,1,1,0.0819227430555558,0.509982638888889,1,1
