"t18_alpha0.95.lower","t18_alpha0.95.upper","t18_alpha0.95.conv.l","t18_alpha0.95.conv.u"
-0.0651041666666666,0.702582465277778,1,1
-0.0965711805555555,0.666232638888889,1,1
