"t2_alpha0.5.lower","t2_alpha0.5.upper","t2_alpha0.5.conv.l","t2_alpha0.5.conv.u","t4_alpha0.5.lower","t4_alpha0.5.upper","t4_alpha0.5.conv.l","t4_alpha0.5.conv.u","t6_alpha0.5.lower","t6_alpha0.5.upper","t6_alpha0.5.conv.l","t6_alpha0.5.conv.u","t8_alpha0.5.lower","t8_alpha0.5.upper","t8_alpha0.5.conv.l","t8_alpha0.5.conv.u","t10_alpha0.5.lower","t10_alpha0.5.upper","t10_alpha0.5.conv.l","t10_alpha0.5.conv.u","t12_alpha0.5.lower","t12_alpha0.5.upper","t12_alpha0.5.conv.l","t12_alpha0.5.conv.u","t14_alpha0.5.lower","t14_alpha0.5.upper","t14_alpha0.5.conv.l","t14_alpha0.5.conv.u","t16_alpha0.5.lower","t16_alpha0.5.upper","t16_alpha0.5.conv.l","t16_alpha0.5.conv.u","t18_alpha0.5.lower","t18_alpha0.5.upper","t18_alpha0.5.conv.l","t18_alpha0.5.conv.u","combined.lower","combined.upper","combined.conv.l","combined.conv.u"
0.131293402777778,0.451931423611111,1,1,0.0830078125000002,0.480685763888889,1,1,0.0130208333333334,0.495876736111111,1,1,-0.0276692708333333,0.563693576388889,1,1,-0.0813802083333333,0.615234375,1,1,-0.137261284722222,0.671657986111111,1,1,-0.166015625,0.737847222222222,1,1,-0.233832465277778,0.806206597222222,1,1,-0.297309027777778,0.824110243055555,1,1,-0.0813802083333333,0.615234375,1,1
-0.0130208333333333,0.293511284722222,1,1,-0.0889756944444444,0.284830729166667,1,1,-0.111762152777778,0.322808159722222,1,1,-0.157335069444444,0.3466796875,1,1,-0.188259548611111,0.475260416666666,1,1,-0.240342881944444,0.533311631944444,1,1,-0.264214409722222,0.593532986111111,1,1,-0.322808159722222,0.598415798611111,1,1,-0.412326388888889,0.568033854166667,1,1,-0.188259548611111,0.475260416666666,1,1
