"t2_alpha0.5.lower","t2_alpha0.5.upper","t2_alpha0.5.conv.l","t2_alpha0.5.conv.u","t4_alpha0.5.lower","t4_alpha0.5.upper","t4_alpha0.5.conv.l","t4_alpha0.5.conv.u","t6_alpha0.5.lower","t6_alpha0.5.upper","t6_alpha0.5.conv.l","t6_alpha0.5.conv.u","t8_alpha0.5.lower","t8_alpha0.5.upper","t8_alpha0.5.conv.l","t8_alpha0.5.conv.u","t10_alpha0.5.lower","t10_alpha0.5.upper","t10_alpha0.5.conv.l","t10_alpha0.5.conv.u","t12_alpha0.5.lower","t12_alpha0.5.upper","t12_alpha0.5.conv.l","t12_alpha0.5.conv.u","t14_alpha0.5.lower","t14_alpha0.5.upper","t14_alpha0.5.conv.l","t14_alpha0.5.conv.u","t16_alpha0.5.lower","t16_alpha0.5.upper","t16_alpha0.5.conv.l","t16_alpha0.5.conv.u","t18_alpha0.5.lower","t18_alpha0.5.upper","t18_alpha0.5.conv.l","t18_alpha0.5.conv.u","combined.lower","combined.upper","combined.conv.l","combined.conv.u"
0.288628472222222,0.993381076388889,1,1,0.426432291666667,1.02213541666667,1,1,0.457899305555555,0.965169270833333,1,1,0.500217013888889,1.03949652777778,1,1,0.609809027777778,1.04166666666667,1,1,0.594618055555555,1.0498046875,1,1,0.436740451388889,1.25922309027778,1,1,0.398763020833333,1.29828559027778,1,1,0.327690972222222,1.32541232638889,1,1,0.436740451388889,1.04166666666667,1,1
0.0873480902777777,0.811631944444444,1,1,0.170355902777778,0.770941840277778,1,1,0.377604166666667,0.808919270833333,1,1,0.330403645833333,0.751953125,1,1,0.313585069444444,0.623914930555555,1,1,0.189344618055555,0.583224826388889,1,1,0.0954861111111111,0.857747395833333,1,1,0.0168185763888889,0.846896701388889,1,1,-0.0705295138888889,0.941840277777777,1,1,0.170355902777778,0.808919270833333,1,1
