"t6_alpha0.9833.lower","t6_alpha0.9833.upper","t6_alpha0.9833.conv.l","t6_alpha0.9833.conv.u","t12_alpha0.9833.lower","t12_alpha0.9833.upper","t12_alpha0.9833.conv.l","t12_alpha0.9833.conv.u","t18_alpha0.9833.lower","t18_alpha0.9833.upper","t18_alpha0.9833.conv.l","t18_alpha0.9833.conv.u","combined.lower","combined.upper","combined.conv.l","combined.conv.u"
0.233832465277778,0.995551215277778,1,1,0.285915798611111,1.04654947916667,1,1,0.104709201388889,1.11219618055556,1,1,0.285915798611111,0.995551215277778,1,1
0.0341796875,0.902777777777777,1,1,-0.0689019097222222,0.729709201388889,1,1,-0.211588541666667,0.946723090277777,1,1,0.0341796875,0.729709201388889,1,1
