"t2_alpha0.9944.lower","t2_alpha0.9944.upper","t2_alpha0.9944.conv.l","t2_alpha0.9944.conv.u","t4_alpha0.9944.lower","t4_alpha0.9944.upper","t4_alpha0.9944.conv.l","t4_alpha0.9944.conv.u","t6_alpha0.9944.lower","t6_alpha0.9944.upper","t6_alpha0.9944.conv.l","t6_alpha0.9944.conv.u","t8_alpha0.9944.lower","t8_alpha0.9944.upper","t8_alpha0.9944.conv.l","t8_alpha0.9944.conv.u","t10_alpha0.9944.lower","t10_alpha0.9944.upper","t10_alpha0.9944.conv.l","t10_alpha0.9944.conv.u","t12_alpha0.9944.lower","t12_alpha0.9944.upper","t12_alpha0.9944.conv.l","t12_alpha0.9944.conv.u","t14_alpha0.9944.lower","t14_alpha0.9944.upper","t14_alpha0.9944.conv.l","t14_alpha0.9944.conv.u","t16_alpha0.9944.lower","t16_alpha0.9944.upper","t16_alpha0.9944.conv.l","t16_alpha0.9944.conv.u","t18_alpha0.9944.lower","t18_alpha0.9944.upper","t18_alpha0.9944.conv.l","t18_alpha0.9944.conv.u","combined.lower","combined.upper","combined.conv.l","combined.conv.u"
0.0227864583333334,0.407443576388889,1,1,-0.0265842013888889,0.380859375,1,1,-0.0537109375,0.355902777777778,1,1,-0.0824652777777777,0.364040798611111,1,1,-0.121527777777778,0.381944444444444,1,1,-0.148654513888889,0.383029513888889,1,1,-0.1611328125,0.412326388888889,1,1,-0.190972222222222,0.425889756944444,1,1,-0.217013888888889,0.4345703125,1,1,0.0227864583333334,0.355902777777778,1,1
-0.0884331597222222,0.304361979166667,1,1,-0.136176215277778,0.259874131944444,1,1,-0.158962673611111,0.268012152777778,1,1,-0.176866319444444,0.271809895833333,1,1,-0.188802083333333,0.328233506944444,1,1,-0.207790798611111,0.3564453125,1,1,-0.215928819444444,0.416666666666667,1,1,-0.227322048611111,0.399305555555555,1,1,-0.265299479166667,0.382486979166667,1,1,-0.0884331597222222,0.259874131944444,1,1
