"t2_alpha0.9823.lower","t2_alpha0.9823.upper","t2_alpha0.9823.conv.l","t2_alpha0.9823.conv.u","t4_alpha0.9912.lower","t4_alpha0.9912.upper","t4_alpha0.9912.conv.l","t4_alpha0.9912.conv.u","t6_alpha0.9941.lower","t6_alpha0.9941.upper","t6_alpha0.9941.conv.l","t6_alpha0.9941.conv.u","t8_alpha0.9956.lower","t8_alpha0.9956.upper","t8_alpha0.9956.conv.l","t8_alpha0.9956.conv.u","t10_alpha0.9965.lower","t10_alpha0.9965.upper","t10_alpha0.9965.conv.l","t10_alpha0.9965.conv.u","t12_alpha0.9971.lower","t12_alpha0.9971.upper","t12_alpha0.9971.conv.l","t12_alpha0.9971.conv.u","t14_alpha0.9975.lower","t14_alpha0.9975.upper","t14_alpha0.9975.conv.l","t14_alpha0.9975.conv.u","t16_alpha0.9978.lower","t16_alpha0.9978.upper","t16_alpha0.9978.conv.l","t16_alpha0.9978.conv.u","t18_alpha0.998.lower","t18_alpha0.998.upper","t18_alpha0.998.conv.l","t18_alpha0.998.conv.u","combined.lower","combined.upper","combined.conv.l","combined.conv.u"
0.247395833333333,0.814344618055555,1,1,0.234375,0.741102430555555,1,1,0.132378472222222,0.603298611111111,1,1,0.0759548611111113,0.519205729166667,1,1,0.0168185763888889,0.4443359375,1,1,-0.00705295138888889,0.421549479166667,1,1,-0.0217013888888889,0.422092013888889,1,1,-0.0428602430555555,0.443793402777778,1,1,-0.0754123263888889,0.446506076388889,1,1,0.247395833333333,0.421549479166667,1,1
0.00705295138888889,0.557725694444444,1,1,0.0108506944444445,0.507269965277778,1,1,0.0526258680555557,0.459526909722222,1,1,0.0108506944444445,0.435112847222222,1,1,-0.0222439236111111,0.387369791666667,1,1,-0.0520833333333333,0.360785590277778,1,1,-0.0819227430555555,0.370008680555555,1,1,-0.09765625,0.407986111111111,1,1,-0.105794270833333,0.443250868055555,1,1,0.0526258680555557,0.360785590277778,1,1
