"t6_alpha0.95.lower","t6_alpha0.95.upper","t6_alpha0.95.conv.l","t6_alpha0.95.conv.u"
0.218098958333333,0.687934027777777,1,1
0.109049479166667,0.510525173611111,1,1
