"t2_alpha0.9944.lower","t2_alpha0.9944.upper","t2_alpha0.9944.conv.l","t2_alpha0.9944.conv.u","t4_alpha0.9944.lower","t4_alpha0.9944.upper","t4_alpha0.9944.conv.l","t4_alpha0.9944.conv.u","t6_alpha0.9944.lower","t6_alpha0.9944.upper","t6_alpha0.9944.conv.l","t6_alpha0.9944.conv.u","t8_alpha0.9944.lower","t8_alpha0.9944.upper","t8_alpha0.9944.conv.l","t8_alpha0.9944.conv.u","t10_alpha0.9944.lower","t10_alpha0.9944.upper","t10_alpha0.9944.conv.l","t10_alpha0.9944.conv.u","t12_alpha0.9944.lower","t12_alpha0.9944.upper","t12_alpha0.9944.conv.l","t12_alpha0.9944.conv.u","t14_alpha0.9944.lower","t14_alpha0.9944.upper","t14_alpha0.9944.conv.l","t14_alpha0.9944.conv.u","t16_alpha0.9944.lower","t16_alpha0.9944.upper","t16_alpha0.9944.conv.l","t16_alpha0.9944.conv.u","t18_alpha0.9944.lower","t18_alpha0.9944.upper","t18_alpha0.9944.conv.l","t18_alpha0.9944.conv.u","combined.lower","combined.upper","combined.conv.l","combined.conv.u"
0.224066840277778,0.865342881944444,1,1,0.230577256944444,0.764431423611111,1,1,0.126953125,0.594618055555555,1,1,0.0737847222222224,0.514865451388889,1,1,0.0168185763888889,0.447591145833333,1,1,-0.00162760416666667,0.421549479166667,1,1,-0.00705295138888889,0.406358506944444,1,1,-0.029296875,0.436197916666667,1,1,-0.0737847222222222,0.439995659722222,1,1,0.230577256944444,0.406358506944444,1,1
-0.0352647569444444,0.588650173611111,1,1,0,0.511610243055555,1,1,0.0493706597222224,0.46875,1,1,0.0124782986111111,0.423177083333334,1,1,0.000542534722222224,0.373806423611112,1,1,-0.0385199652777778,0.342339409722222,1,1,-0.0689019097222222,0.347764756944444,1,1,-0.0868055555555555,0.391167534722222,1,1,-0.0922309027777777,0.416124131944444,1,1,0.0493706597222224,0.342339409722222,1,1
