"t6_alpha0.9833.lower","t6_alpha0.9833.upper","t6_alpha0.9833.conv.l","t6_alpha0.9833.conv.u","t12_alpha0.9833.lower","t12_alpha0.9833.upper","t12_alpha0.9833.conv.l","t12_alpha0.9833.conv.u","t18_alpha0.9833.lower","t18_alpha0.9833.upper","t18_alpha0.9833.conv.l","t18_alpha0.9833.conv.u","combined.lower","combined.upper","combined.conv.l","combined.conv.u"
0.147569444444444,0.579969618055555,1,1,0.0130208333333334,0.400390625,1,1,-0.0504557291666666,0.420464409722222,1,1,0.147569444444444,0.400390625,1,1
0.0591362847222224,0.444878472222222,1,1,-0.0233289930555555,0.324978298611111,1,1,-0.078125,0.392795138888889,1,1,0.0591362847222224,0.324978298611111,1,1
