"t2_alpha0.9823.lower","t2_alpha0.9823.upper","t2_alpha0.9823.conv.l","t2_alpha0.9823.conv.u","t4_alpha0.9912.lower","t4_alpha0.9912.upper","t4_alpha0.9912.conv.l","t4_alpha0.9912.conv.u","t6_alpha0.9941.lower","t6_alpha0.9941.upper","t6_alpha0.9941.conv.l","t6_alpha0.9941.conv.u","t8_alpha0.9956.lower","t8_alpha0.9956.upper","t8_alpha0.9956.conv.l","t8_alpha0.9956.conv.u","t10_alpha0.9965.lower","t10_alpha0.9965.upper","t10_alpha0.9965.conv.l","t10_alpha0.9965.conv.u","t12_alpha0.9971.lower","t12_alpha0.9971.upper","t12_alpha0.9971.conv.l","t12_alpha0.9971.conv.u","t14_alpha0.9975.lower","t14_alpha0.9975.upper","t14_alpha0.9975.conv.l","t14_alpha0.9975.conv.u","t16_alpha0.9978.lower","t16_alpha0.9978.upper","t16_alpha0.9978.conv.l","t16_alpha0.9978.conv.u","t18_alpha0.998.lower","t18_alpha0.998.upper","t18_alpha0.998.conv.l","t18_alpha0.998.conv.u","combined.lower","combined.upper","combined.conv.l","combined.conv.u"
0.279947916666667,0.902235243055555,1,1,0.268012152777778,0.8642578125,1,1,0.160047743055556,0.746527777777777,1,1,0.103081597222222,0.695529513888889,1,1,0.0238715277777778,0.625,1,1,-0.0200737847222222,0.633138020833333,1,1,-0.0423177083333333,0.657552083333333,1,1,-0.0775824652777777,0.748697916666666,1,1,-0.128038194444444,0.801323784722222,1,1,0.279947916666667,0.625,1,1
0.00434027777777778,0.621202256944444,1,1,0.0249565972222222,0.592990451388889,1,1,0.0553385416666666,0.584309895833333,1,1,0.0124782986111111,0.578342013888889,1,1,-0.0227864583333333,0.554470486111111,1,1,-0.0515407986111111,0.558810763888889,1,1,-0.132378472222222,0.593532986111111,1,1,-0.157335069444444,0.699869791666667,1,1,-0.153537326388889,0.816514756944444,1,1,0.0553385416666666,0.554470486111111,1,1
