"t2_alpha0.99.lower","t2_alpha0.99.upper","t2_alpha0.99.conv.l","t2_alpha0.99.conv.u","t6_alpha0.99.lower","t6_alpha0.99.upper","t6_alpha0.99.conv.l","t6_alpha0.99.conv.u","t10_alpha0.99.lower","t10_alpha0.99.upper","t10_alpha0.99.conv.l","t10_alpha0.99.conv.u","t14_alpha0.99.lower","t14_alpha0.99.upper","t14_alpha0.99.conv.l","t14_alpha0.99.conv.u","t18_alpha0.99.lower","t18_alpha0.99.upper","t18_alpha0.99.conv.l","t18_alpha0.99.conv.u","combined.lower","combined.upper","combined.conv.l","combined.conv.u"
0.0401475694444446,0.554470486111111,1,1,-0.0895182291666666,0.608723958333333,1,1,-0.211046006944444,0.773654513888889,1,1,-0.328233506944444,0.955946180555555,1,1,-0.490451388888889,1.06825086805555,1,1,0.0401475694444446,0.554470486111111,1,1
-0.103624131944444,0.411783854166667,1,1,-0.233832465277778,0.46875,1,1,-0.328776041666667,0.658637152777777,1,1,-0.415581597222222,0.885416666666666,1,1,-0.582682291666667,0.938042534722222,1,1,-0.103624131944444,0.411783854166667,1,1
