"lower","upper","conv.l","conv.u"
-0.269097222222222,0.0352647569444444,1,1
