"t2_alpha0.5.lower","t2_alpha0.5.upper","t2_alpha0.5.conv.l","t2_alpha0.5.conv.u","t4_alpha0.5.lower","t4_alpha0.5.upper","t4_alpha0.5.conv.l","t4_alpha0.5.conv.u","t6_alpha0.5.lower","t6_alpha0.5.upper","t6_alpha0.5.conv.l","t6_alpha0.5.conv.u","t8_alpha0.5.lower","t8_alpha0.5.upper","t8_alpha0.5.conv.l","t8_alpha0.5.conv.u","t10_alpha0.5.lower","t10_alpha0.5.upper","t10_alpha0.5.conv.l","t10_alpha0.5.conv.u","t12_alpha0.5.lower","t12_alpha0.5.upper","t12_alpha0.5.conv.l","t12_alpha0.5.conv.u","t14_alpha0.5.lower","t14_alpha0.5.upper","t14_alpha0.5.conv.l","t14_alpha0.5.conv.u","t16_alpha0.5.lower","t16_alpha0.5.upper","t16_alpha0.5.conv.l","t16_alpha0.5.conv.u","t18_alpha0.5.lower","t18_alpha0.5.upper","t18_alpha0.5.conv.l","t18_alpha0.5.conv.u","combined.lower","combined.upper","combined.conv.l","combined.conv.u"
0.2783203125,0.850694444444444,1,1,0.378689236111111,0.813259548611111,1,1,0.417209201388889,0.729166666666666,1,1,0.432400173611111,0.730794270833333,1,1,0.494249131944444,0.683051215277778,1,1,0.456271701388889,0.751953125,1,1,0.325520833333333,0.817057291666666,1,1,0.292426215277778,0.8251953125,1,1,0.230577256944444,0.831705729166666,1,1,-Inf,Inf,2,2
0.0830078125,0.642903645833333,1,1,0.158962673611111,0.590277777777778,1,1,0.334201388888889,0.581597222222222,1,1,-Inf,Inf,2,2,0.251736111111112,0.428059895833334,1,1,0.148654513888889,0.397135416666667,1,1,0.0878906250000002,0.544162326388889,1,1,0.0184461805555556,0.532769097222222,1,1,-0.0520833333333333,0.592447916666667,1,1,-Inf,Inf,2,2
