"t6_alpha0.95.lower","t6_alpha0.95.upper","t6_alpha0.95.conv.l","t6_alpha0.95.conv.u"
0.316840277777778,1.26736111111111,1,1
0.104166666666667,1.10785590277778,1,1
