"t2_alpha0.9781.lower","t2_alpha0.9781.upper","t2_alpha0.9781.conv.l","t2_alpha0.9781.conv.u","t6_alpha0.9891.lower","t6_alpha0.9891.upper","t6_alpha0.9891.conv.l","t6_alpha0.9891.conv.u","t10_alpha0.9927.lower","t10_alpha0.9927.upper","t10_alpha0.9927.conv.l","t10_alpha0.9927.conv.u","t14_alpha0.9945.lower","t14_alpha0.9945.upper","t14_alpha0.9945.conv.l","t14_alpha0.9945.conv.u","t18_alpha0.9956.lower","t18_alpha0.9956.upper","t18_alpha0.9956.conv.l","t18_alpha0.9956.conv.u","combined.lower","combined.upper","combined.conv.l","combined.conv.u"
0.0965711805555555,1.33572048611111,1,1,0.243055555555555,1.35959201388889,1,1,0.360243055555555,1.50227864583333,1,1,0.237087673611111,1.64876302083333,1,1,0.106879340277778,1.78114149305556,1,1,0.360243055555555,1.33572048611111,1,1
-0.136176215277778,1.09971788194444,1,1,0.00542534722222222,1.25108506944444,1,1,0.000542534722222222,1.14583333333333,1,1,-0.210503472222222,1.3037109375,1,1,-0.345594618055555,1.57931857638889,1,1,0.00542534722222222,1.09971788194444,1,1
