"t12_alpha0.95.lower","t12_alpha0.95.upper","t12_alpha0.95.conv.l","t12_alpha0.95.conv.u"
-0.251736111111111,0.789930555555555,1,1
-0.348307291666667,0.678168402777777,1,1
