"t2_alpha0.5.lower","t2_alpha0.5.upper","t2_alpha0.5.conv.l","t2_alpha0.5.conv.u","t6_alpha0.5.lower","t6_alpha0.5.upper","t6_alpha0.5.conv.l","t6_alpha0.5.conv.u","t10_alpha0.5.lower","t10_alpha0.5.upper","t10_alpha0.5.conv.l","t10_alpha0.5.conv.u","t14_alpha0.5.lower","t14_alpha0.5.upper","t14_alpha0.5.conv.l","t14_alpha0.5.conv.u","t18_alpha0.5.lower","t18_alpha0.5.upper","t18_alpha0.5.conv.l","t18_alpha0.5.conv.u","combined.lower","combined.upper","combined.conv.l","combined.conv.u"
0.0992838541666669,0.325520833333334,1,1,0.0108506944444445,0.282118055555556,1,1,-0.0363498263888889,0.289713541666667,1,1,-0.0721571180555555,0.305447048611111,1,1,-0.123155381944444,0.318467881944444,1,1,-0.0363498263888889,0.305447048611111,1,1
-0.009765625,0.212131076388889,1,1,-0.0656467013888889,0.182834201388889,1,1,-0.0987413194444444,0.227864583333333,1,1,-0.123155381944444,0.261501736111111,1,1,-0.180121527777778,0.236002604166667,1,1,-0.0987413194444444,0.227864583333333,1,1
