"t2_alpha0.9823.lower","t2_alpha0.9823.upper","t2_alpha0.9823.conv.l","t2_alpha0.9823.conv.u","t4_alpha0.9912.lower","t4_alpha0.9912.upper","t4_alpha0.9912.conv.l","t4_alpha0.9912.conv.u","t6_alpha0.9941.lower","t6_alpha0.9941.upper","t6_alpha0.9941.conv.l","t6_alpha0.9941.conv.u","t8_alpha0.9956.lower","t8_alpha0.9956.upper","t8_alpha0.9956.conv.l","t8_alpha0.9956.conv.u","t10_alpha0.9965.lower","t10_alpha0.9965.upper","t10_alpha0.9965.conv.l","t10_alpha0.9965.conv.u","t12_alpha0.9971.lower","t12_alpha0.9971.upper","t12_alpha0.9971.conv.l","t12_alpha0.9971.conv.u","t14_alpha0.9975.lower","t14_alpha0.9975.upper","t14_alpha0.9975.conv.l","t14_alpha0.9975.conv.u","t16_alpha0.9978.lower","t16_alpha0.9978.upper","t16_alpha0.9978.conv.l","t16_alpha0.9978.conv.u","t18_alpha0.998.lower","t18_alpha0.998.upper","t18_alpha0.998.conv.l","t18_alpha0.998.conv.u","combined.lower","combined.upper","combined.conv.l","combined.conv.u"
0.0482855902777778,0.555555555555555,1,1,-0.0184461805555555,0.598958333333333,1,1,-0.104166666666667,0.616861979166666,1,1,-0.144856770833333,0.7080078125,1,1,-0.231119791666667,0.805121527777777,1,1,-0.317925347222222,0.879991319444444,1,1,-0.361328125,1.00151909722222,1,1,-0.451388888888889,1.05631510416667,1,1,-0.513237847222222,1.13064236111111,1,1,0.0482855902777778,0.555555555555555,1,1
-0.0949435763888889,0.403645833333333,1,1,-0.186089409722222,0.410698784722222,1,1,-0.245225694444444,0.474717881944444,1,1,-0.300021701388889,0.519205729166666,1,1,-0.366753472222222,0.692816840277778,1,1,-0.414496527777778,0.806749131944444,1,1,-0.462239583333333,0.945638020833333,1,1,-0.485568576388889,0.9716796875,1,1,-0.6298828125,1.0595703125,1,1,-0.0949435763888889,0.403645833333333,1,1
