"t6_alpha0.9727.lower","t6_alpha0.9727.upper","t6_alpha0.9727.conv.l","t6_alpha0.9727.conv.u","t12_alpha0.9864.lower","t12_alpha0.9864.upper","t12_alpha0.9864.conv.l","t12_alpha0.9864.conv.u","t18_alpha0.9909.lower","t18_alpha0.9909.upper","t18_alpha0.9909.conv.l","t18_alpha0.9909.conv.u","combined.lower","combined.upper","combined.conv.l","combined.conv.u"
0.199652777777778,0.702039930555555,1,1,0.0151909722222222,0.589735243055555,1,1,-0.107421875,0.754665798611111,1,1,0.199652777777778,0.589735243055555,1,1
0.0916883680555558,0.544162326388889,1,1,-0.0358072916666667,0.514865451388889,1,1,-0.138888888888889,0.736762152777777,1,1,0.0916883680555558,0.514865451388889,1,1
