"t2_alpha0.99.lower","t2_alpha0.99.upper","t2_alpha0.99.conv.l","t2_alpha0.99.conv.u","t6_alpha0.99.lower","t6_alpha0.99.upper","t6_alpha0.99.conv.l","t6_alpha0.99.conv.u","t10_alpha0.99.lower","t10_alpha0.99.upper","t10_alpha0.99.conv.l","t10_alpha0.99.conv.u","t14_alpha0.99.lower","t14_alpha0.99.upper","t14_alpha0.99.conv.l","t14_alpha0.99.conv.u","t18_alpha0.99.lower","t18_alpha0.99.upper","t18_alpha0.99.conv.l","t18_alpha0.99.conv.u","combined.lower","combined.upper","combined.conv.l","combined.conv.u"
0.263129340277778,0.927191840277778,1,1,0.1708984375,0.725911458333333,1,1,0.0336371527777778,0.607638888888889,1,1,-0.01953125,0.622287326388889,1,1,-0.0949435763888889,0.760091145833333,1,1,0.263129340277778,0.607638888888889,1,1
-0.00705295138888889,0.636935763888889,1,1,0.0596788194444446,0.555013020833333,1,1,0.00271267361111112,0.519205729166667,1,1,-0.108506944444444,0.548502604166666,1,1,-0.116644965277778,0.7421875,1,1,0.0596788194444446,0.519205729166667,1,1
