"t6_alpha0.9727.lower","t6_alpha0.9727.upper","t6_alpha0.9727.conv.l","t6_alpha0.9727.conv.u","t12_alpha0.9864.lower","t12_alpha0.9864.upper","t12_alpha0.9864.conv.l","t12_alpha0.9864.conv.u","t18_alpha0.9909.lower","t18_alpha0.9909.upper","t18_alpha0.9909.conv.l","t18_alpha0.9909.conv.u","combined.lower","combined.upper","combined.conv.l","combined.conv.u"
0.294596354166667,1.31944444444444,1,1,0.367838541666667,1.52940538194444,1,1,0.119900173611111,1.71657986111111,1,1,0.367838541666667,1.31944444444444,1,1
0.0640190972222222,1.20008680555555,1,1,-0.107421875,1.03949652777778,1,1,-0.325520833333333,1.52398003472222,1,1,0.0640190972222222,1.03949652777778,1,1
