"t12_alpha0.95.lower","t12_alpha0.95.upper","t12_alpha0.95.conv.l","t12_alpha0.95.conv.u"
0.4345703125,1.42361111111111,1,1
-0.0217013888888889,0.923936631944444,1,1
