"t6_alpha0.975.lower","t6_alpha0.975.upper","t6_alpha0.975.conv.l","t6_alpha0.975.conv.u","t12_alpha0.975.lower","t12_alpha0.975.upper","t12_alpha0.975.conv.l","t12_alpha0.975.conv.u","t18_alpha0.975.lower","t18_alpha0.975.upper","t18_alpha0.975.conv.l","t18_alpha0.975.conv.u","combined.lower","combined.upper","combined.conv.l","combined.conv.u"
-0.0699869791666666,0.588107638888889,1,1,-0.271809895833333,0.814344618055555,1,1,-0.450846354166667,1.03298611111111,1,1,-0.271809895833333,0.814344618055555,1,1
-0.225694444444444,0.432400173611111,1,1,-0.364040798611111,0.710177951388889,1,1,-0.547417534722222,0.837673611111111,1,1,-0.364040798611111,0.710177951388889,1,1
