"t18_alpha0.95.lower","t18_alpha0.95.upper","t18_alpha0.95.conv.l","t18_alpha0.95.conv.u"
-0.438368055555555,0.998263888888889,1,1
-0.525716145833333,0.781792534722222,1,1
