"t2_alpha0.99.lower","t2_alpha0.99.upper","t2_alpha0.99.conv.l","t2_alpha0.99.conv.u","t6_alpha0.99.lower","t6_alpha0.99.upper","t6_alpha0.99.conv.l","t6_alpha0.99.conv.u","t10_alpha0.99.lower","t10_alpha0.99.upper","t10_alpha0.99.conv.l","t10_alpha0.99.conv.u","t14_alpha0.99.lower","t14_alpha0.99.upper","t14_alpha0.99.conv.l","t14_alpha0.99.conv.u","t18_alpha0.99.lower","t18_alpha0.99.upper","t18_alpha0.99.conv.l","t18_alpha0.99.conv.u","combined.lower","combined.upper","combined.conv.l","combined.conv.u"
0.0472005208333333,1.40733506944444,1,1,0.2490234375,1.318359375,1,1,0.383029513888889,1.49305555555556,1,1,0.252821180555555,1.64333767361111,1,1,0.120985243055556,1.70952690972222,1,1,0.383029513888889,1.318359375,1,1
-0.177951388888889,1.1572265625,1,1,0.00271267361111111,1.24403211805556,1,1,-0.0520833333333333,1.10948350694444,1,1,-0.159505208333333,1.26356336805556,1,1,-0.334201388888889,1.49034288194444,1,1,0.00271267361111111,1.10948350694444,1,1
