"t18_alpha0.95.lower","t18_alpha0.95.upper","t18_alpha0.95.conv.l","t18_alpha0.95.conv.u"
0.189887152777778,1.57009548611111,1,1
-0.234917534722222,1.31293402777778,1,1
