"t6_alpha0.9833.lower","t6_alpha0.9833.upper","t6_alpha0.9833.conv.l","t6_alpha0.9833.conv.u","t12_alpha0.9833.lower","t12_alpha0.9833.upper","t12_alpha0.9833.conv.l","t12_alpha0.9833.conv.u","t18_alpha0.9833.lower","t18_alpha0.9833.upper","t18_alpha0.9833.conv.l","t18_alpha0.9833.conv.u","combined.lower","combined.upper","combined.conv.l","combined.conv.u"
-0.0477430555555555,0.339626736111111,1,1,-0.135633680555555,0.368923611111111,1,1,-0.2001953125,0.413411458333333,1,1,-0.0477430555555555,0.339626736111111,1,1
-0.143771701388889,0.250651041666667,1,1,-0.199110243055555,0.324435763888889,1,1,-0.260416666666667,0.359157986111111,1,1,-0.143771701388889,0.250651041666667,1,1
