"t6_alpha0.9727.lower","t6_alpha0.9727.upper","t6_alpha0.9727.conv.l","t6_alpha0.9727.conv.u","t12_alpha0.9864.lower","t12_alpha0.9864.upper","t12_alpha0.9864.conv.l","t12_alpha0.9864.conv.u","t18_alpha0.9909.lower","t18_alpha0.9909.upper","t18_alpha0.9909.conv.l","t18_alpha0.9909.conv.u","combined.lower","combined.upper","combined.conv.l","combined.conv.u"
0.166015625,0.568576388888889,1,1,0.00705295138888891,0.402560763888889,1,1,-0.0602213541666666,0.430772569444444,1,1,0.166015625,0.402560763888889,1,1
0.0743272569444447,0.435655381944445,1,1,-0.0168185763888889,0.337456597222222,1,1,-0.0846354166666666,0.414496527777778,1,1,0.0743272569444447,0.337456597222222,1,1
