"t6_alpha0.9727.lower","t6_alpha0.9727.upper","t6_alpha0.9727.conv.l","t6_alpha0.9727.conv.u","t12_alpha0.9864.lower","t12_alpha0.9864.upper","t12_alpha0.9864.conv.l","t12_alpha0.9864.conv.u","t18_alpha0.9909.lower","t18_alpha0.9909.upper","t18_alpha0.9909.conv.l","t18_alpha0.9909.conv.u","combined.lower","combined.upper","combined.conv.l","combined.conv.u"
0.256618923611111,0.969509548611111,1,1,0.294596354166667,1.07801649305555,1,1,0.0889756944444444,1.07584635416667,1,1,0.294596354166667,0.969509548611111,1,1
0.0509982638888889,0.833333333333333,1,1,-0.0873480902777777,0.729709201388889,1,1,-0.243055555555555,1.02484809027778,1,1,0.0509982638888889,0.729709201388889,1,1
