"t2_alpha0.5.lower","t2_alpha0.5.upper","t2_alpha0.5.conv.l","t2_alpha0.5.conv.u","t6_alpha0.5.lower","t6_alpha0.5.upper","t6_alpha0.5.conv.l","t6_alpha0.5.conv.u","t10_alpha0.5.lower","t10_alpha0.5.upper","t10_alpha0.5.conv.l","t10_alpha0.5.conv.u","t14_alpha0.5.lower","t14_alpha0.5.upper","t14_alpha0.5.conv.l","t14_alpha0.5.conv.u","t18_alpha0.5.lower","t18_alpha0.5.upper","t18_alpha0.5.conv.l","t18_alpha0.5.conv.u","combined.lower","combined.upper","combined.conv.l","combined.conv.u"
0.284288194444444,0.994466145833333,1,1,0.455729166666667,0.965169270833333,1,1,0.616861979166667,1.02213541666667,1,1,0.432400173611111,1.26302083333333,1,1,0.321180555555555,1.33355034722222,1,1,0.432400173611111,1.02213541666667,1,1
0.0840928819444444,0.801323784722222,1,1,0.381401909722222,0.816514756944444,1,1,0.313585069444444,0.633680555555555,1,1,0.105251736111111,0.859917534722222,1,1,-0.0721571180555555,0.954861111111111,1,1,0.105251736111111,0.816514756944444,1,1
