"t2_alpha0.9781.lower","t2_alpha0.9781.upper","t2_alpha0.9781.conv.l","t2_alpha0.9781.conv.u","t6_alpha0.9891.lower","t6_alpha0.9891.upper","t6_alpha0.9891.conv.l","t6_alpha0.9891.conv.u","t10_alpha0.9927.lower","t10_alpha0.9927.upper","t10_alpha0.9927.conv.l","t10_alpha0.9927.conv.u","t14_alpha0.9945.lower","t14_alpha0.9945.upper","t14_alpha0.9945.conv.l","t14_alpha0.9945.conv.u","t18_alpha0.9956.lower","t18_alpha0.9956.upper","t18_alpha0.9956.conv.l","t18_alpha0.9956.conv.u","combined.lower","combined.upper","combined.conv.l","combined.conv.u"
0.0493706597222224,0.5419921875,1,1,-0.0868055555555555,0.602756076388889,1,1,-0.221896701388889,0.7861328125,1,1,-0.348307291666667,0.9765625,1,1,-0.508897569444444,1.09266493055556,1,1,0.0493706597222224,0.5419921875,1,1
-0.0987413194444444,0.397135416666667,1,1,-0.240885416666667,0.446506076388889,1,1,-0.343424479166667,0.682508680555555,1,1,-0.436197916666667,0.91796875,1,1,-0.589735243055555,1.025390625,1,1,-0.0987413194444444,0.397135416666667,1,1
