"t6_alpha0.95.lower","t6_alpha0.95.upper","t6_alpha0.95.conv.l","t6_alpha0.95.conv.u"
0.177408854166667,0.556640625,1,1
0.082465277777778,0.412868923611111,1,1
