"t2_alpha0.9781.lower","t2_alpha0.9781.upper","t2_alpha0.9781.conv.l","t2_alpha0.9781.conv.u","t6_alpha0.9891.lower","t6_alpha0.9891.upper","t6_alpha0.9891.conv.l","t6_alpha0.9891.conv.u","t10_alpha0.9927.lower","t10_alpha0.9927.upper","t10_alpha0.9927.conv.l","t10_alpha0.9927.conv.u","t14_alpha0.9945.lower","t14_alpha0.9945.upper","t14_alpha0.9945.conv.l","t14_alpha0.9945.conv.u","t18_alpha0.9956.lower","t18_alpha0.9956.upper","t18_alpha0.9956.conv.l","t18_alpha0.9956.conv.u","combined.lower","combined.upper","combined.conv.l","combined.conv.u"
0.0379774305555557,0.389539930555556,1,1,-0.0526258680555555,0.348307291666667,1,1,-0.113389756944444,0.37109375,1,1,-0.164930555555555,0.403103298611111,1,1,-0.215386284722222,0.432942708333333,1,1,0.0379774305555557,0.348307291666667,1,1
-0.0754123263888889,0.283203125,1,1,-0.151909722222222,0.260959201388889,1,1,-0.187717013888889,0.324978298611111,1,1,-0.215386284722222,0.394965277777778,1,1,-0.274522569444444,0.388454861111111,1,1,-0.0754123263888889,0.260959201388889,1,1
