"t2_alpha0.5.lower","t2_alpha0.5.upper","t2_alpha0.5.conv.l","t2_alpha0.5.conv.u","t6_alpha0.5.lower","t6_alpha0.5.upper","t6_alpha0.5.conv.l","t6_alpha0.5.conv.u","t10_alpha0.5.lower","t10_alpha0.5.upper","t10_alpha0.5.conv.l","t10_alpha0.5.conv.u","t14_alpha0.5.lower","t14_alpha0.5.upper","t14_alpha0.5.conv.l","t14_alpha0.5.conv.u","t18_alpha0.5.lower","t18_alpha0.5.upper","t18_alpha0.5.conv.l","t18_alpha0.5.conv.u","combined.lower","combined.upper","combined.conv.l","combined.conv.u"
0.270724826388889,0.848524305555555,1,1,0.412326388888889,0.710177951388889,1,1,0.485026041666667,0.690104166666666,1,1,0.327690972222222,0.813259548611111,1,1,0.2294921875,0.828450520833333,1,1,0.327690972222222,0.813259548611111,1,1
0.0819227430555555,0.642903645833333,1,1,0.336371527777778,0.576714409722222,1,1,0.253906250000001,0.4296875,1,1,0.0884331597222225,0.549587673611111,1,1,-0.0472005208333333,0.592990451388889,1,1,0.0884331597222225,0.576714409722222,1,1
