"t6_alpha0.9727.lower","t6_alpha0.9727.upper","t6_alpha0.9727.conv.l","t6_alpha0.9727.conv.u","t12_alpha0.9864.lower","t12_alpha0.9864.upper","t12_alpha0.9864.conv.l","t12_alpha0.9864.conv.u","t18_alpha0.9909.lower","t18_alpha0.9909.upper","t18_alpha0.9909.conv.l","t18_alpha0.9909.conv.u","combined.lower","combined.upper","combined.conv.l","combined.conv.u"
-0.0716145833333333,0.582139756944444,1,1,-0.284830729166667,0.836588541666666,1,1,-0.487738715277778,1.08127170138889,1,1,-0.0716145833333333,0.582139756944444,1,1
-0.207790798611111,0.4345703125,1,1,-0.389539930555555,0.744357638888889,1,1,-0.583767361111111,0.915256076388889,1,1,-0.207790798611111,0.4345703125,1,1
