"t6_alpha0.95.lower","t6_alpha0.95.upper","t6_alpha0.95.conv.l","t6_alpha0.95.conv.u"
0.272894965277778,0.919596354166666,1,1
0.104166666666667,0.80078125,1,1
