"t2_alpha0.9944.lower","t2_alpha0.9944.upper","t2_alpha0.9944.conv.l","t2_alpha0.9944.conv.u","t4_alpha0.9944.lower","t4_alpha0.9944.upper","t4_alpha0.9944.conv.l","t4_alpha0.9944.conv.u","t6_alpha0.9944.lower","t6_alpha0.9944.upper","t6_alpha0.9944.conv.l","t6_alpha0.9944.conv.u","t8_alpha0.9944.lower","t8_alpha0.9944.upper","t8_alpha0.9944.conv.l","t8_alpha0.9944.conv.u","t10_alpha0.9944.lower","t10_alpha0.9944.upper","t10_alpha0.9944.conv.l","t10_alpha0.9944.conv.u","t12_alpha0.9944.lower","t12_alpha0.9944.upper","t12_alpha0.9944.conv.l","t12_alpha0.9944.conv.u","t14_alpha0.9944.lower","t14_alpha0.9944.upper","t14_alpha0.9944.conv.l","t14_alpha0.9944.conv.u","t16_alpha0.9944.lower","t16_alpha0.9944.upper","t16_alpha0.9944.conv.l","t16_alpha0.9944.conv.u","t18_alpha0.9944.lower","t18_alpha0.9944.upper","t18_alpha0.9944.conv.l","t18_alpha0.9944.conv.u","combined.lower","combined.upper","combined.conv.l","combined.conv.u"
0.260959201388889,0.961371527777777,1,1,0.252821180555555,0.872938368055555,1,1,0.161675347222222,0.742730034722222,1,1,0.0971137152777777,0.690104166666666,1,1,0.0233289930555555,0.625542534722222,1,1,-0.0048828125,0.626085069444444,1,1,-0.0341796875,0.639105902777778,1,1,-0.0716145833333333,0.723741319444444,1,1,-0.116644965277778,0.7666015625,1,1,0.260959201388889,0.625542534722222,1,1
-0.0260416666666667,0.655381944444444,1,1,0.0184461805555555,0.602756076388889,1,1,0.0537109375,0.609809027777777,1,1,0.0135633680555556,0.555013020833333,1,1,-0.0141059027777778,0.5419921875,1,1,-0.0607638888888889,0.542534722222222,1,1,-0.104709201388889,0.577256944444444,1,1,-0.130208333333333,0.669487847222222,1,1,-0.160590277777778,0.749240451388889,1,1,0.0537109375,0.5419921875,1,1
