"t6_alpha0.95.lower","t6_alpha0.95.upper","t6_alpha0.95.conv.l","t6_alpha0.95.conv.u"
-0.0330946180555555,0.325520833333333,1,1
-0.130208333333333,0.236002604166667,1,1
