"t2_alpha0.99.lower","t2_alpha0.99.upper","t2_alpha0.99.conv.l","t2_alpha0.99.conv.u","t6_alpha0.99.lower","t6_alpha0.99.upper","t6_alpha0.99.conv.l","t6_alpha0.99.conv.u","t10_alpha0.99.lower","t10_alpha0.99.upper","t10_alpha0.99.conv.l","t10_alpha0.99.conv.u","t14_alpha0.99.lower","t14_alpha0.99.upper","t14_alpha0.99.conv.l","t14_alpha0.99.conv.u","t18_alpha0.99.lower","t18_alpha0.99.upper","t18_alpha0.99.conv.l","t18_alpha0.99.conv.u","combined.lower","combined.upper","combined.conv.l","combined.conv.u"
0.241970486111111,0.814344618055555,1,1,0.138888888888889,0.5810546875,1,1,0.031467013888889,0.428059895833334,1,1,-0.00922309027777777,0.396592881944444,1,1,-0.0694444444444444,0.434027777777778,1,1,0.241970486111111,0.396592881944444,1,1
-0.0217013888888889,0.565863715277778,1,1,0.0520833333333335,0.450846354166667,1,1,-0.00434027777777778,0.366753472222222,1,1,-0.0661892361111111,0.341254340277778,1,1,-0.0851779513888889,0.416666666666667,1,1,0.0520833333333335,0.341254340277778,1,1
