"t2_alpha0.9823.lower","t2_alpha0.9823.upper","t2_alpha0.9823.conv.l","t2_alpha0.9823.conv.u","t4_alpha0.9912.lower","t4_alpha0.9912.upper","t4_alpha0.9912.conv.l","t4_alpha0.9912.conv.u","t6_alpha0.9941.lower","t6_alpha0.9941.upper","t6_alpha0.9941.conv.l","t6_alpha0.9941.conv.u","t8_alpha0.9956.lower","t8_alpha0.9956.upper","t8_alpha0.9956.conv.l","t8_alpha0.9956.conv.u","t10_alpha0.9965.lower","t10_alpha0.9965.upper","t10_alpha0.9965.conv.l","t10_alpha0.9965.conv.u","t12_alpha0.9971.lower","t12_alpha0.9971.upper","t12_alpha0.9971.conv.l","t12_alpha0.9971.conv.u","t14_alpha0.9975.lower","t14_alpha0.9975.upper","t14_alpha0.9975.conv.l","t14_alpha0.9975.conv.u","t16_alpha0.9978.lower","t16_alpha0.9978.upper","t16_alpha0.9978.conv.l","t16_alpha0.9978.conv.u","t18_alpha0.998.lower","t18_alpha0.998.upper","t18_alpha0.998.conv.l","t18_alpha0.998.conv.u","combined.lower","combined.upper","combined.conv.l","combined.conv.u"
0.0607638888888889,1.18055555555556,1,1,0.182291666666667,1.12847222222222,1,1,0.209418402777778,1.08072916666667,1,1,0.206705729166667,1.04112413194444,1,1,0.283203125,1.09917534722222,1,1,0.250108506944444,1.13661024305556,1,1,0.155707465277778,1.15451388888889,1,1,0.135091145833333,1.16753472222222,1,1,0.0499131944444444,1.19357638888889,1,1,0.283203125,1.04112413194444,1,1
-0.132378472222222,0.908203125,1,1,-0.0873480902777777,0.877821180555555,1,1,-0.0347222222222222,0.932074652777777,1,1,-0.0493706597222222,0.892469618055555,1,1,-0.0640190972222222,0.868598090277777,1,1,-0.129665798611111,0.813802083333333,1,1,-0.176866319444444,0.921766493055555,1,1,-0.1904296875,0.981987847222222,1,1,-0.269097222222222,1.04058159722222,1,1,-0.0347222222222222,0.813802083333333,1,1
