"t2_alpha0.9944.lower","t2_alpha0.9944.upper","t2_alpha0.9944.conv.l","t2_alpha0.9944.conv.u","t4_alpha0.9944.lower","t4_alpha0.9944.upper","t4_alpha0.9944.conv.l","t4_alpha0.9944.conv.u","t6_alpha0.9944.lower","t6_alpha0.9944.upper","t6_alpha0.9944.conv.l","t6_alpha0.9944.conv.u","t8_alpha0.9944.lower","t8_alpha0.9944.upper","t8_alpha0.9944.conv.l","t8_alpha0.9944.conv.u","t10_alpha0.9944.lower","t10_alpha0.9944.upper","t10_alpha0.9944.conv.l","t10_alpha0.9944.conv.u","t12_alpha0.9944.lower","t12_alpha0.9944.upper","t12_alpha0.9944.conv.l","t12_alpha0.9944.conv.u","t14_alpha0.9944.lower","t14_alpha0.9944.upper","t14_alpha0.9944.conv.l","t14_alpha0.9944.conv.u","t16_alpha0.9944.lower","t16_alpha0.9944.upper","t16_alpha0.9944.conv.l","t16_alpha0.9944.conv.u","t18_alpha0.9944.lower","t18_alpha0.9944.upper","t18_alpha0.9944.conv.l","t18_alpha0.9944.conv.u","combined.lower","combined.upper","combined.conv.l","combined.conv.u"
0.0254991319444444,0.563151041666667,1,1,-0.0276692708333333,0.607096354166666,1,1,-0.0981987847222222,0.6201171875,1,1,-0.147026909722222,0.712890625,1,1,-0.225151909722222,0.785047743055555,1,1,-0.296766493055555,0.885959201388889,1,1,-0.345594618055555,0.977647569444444,1,1,-0.416124131944444,1.02376302083333,1,1,-0.493706597222222,1.07421875,1,1,0.0254991319444444,0.563151041666667,1,1
-0.121527777777778,0.423177083333333,1,1,-0.195855034722222,0.418294270833333,1,1,-0.247395833333333,0.474175347222222,1,1,-0.291883680555555,0.519205729166666,1,1,-0.349934895833333,0.685221354166666,1,1,-0.404730902777778,0.80078125,1,1,-0.435112847222222,0.901692708333333,1,1,-0.503472222222222,0.919053819444444,1,1,-0.598958333333333,0.963541666666666,1,1,-0.121527777777778,0.418294270833333,1,1
