"t2_alpha0.9823.lower","t2_alpha0.9823.upper","t2_alpha0.9823.conv.l","t2_alpha0.9823.conv.u","t4_alpha0.9912.lower","t4_alpha0.9912.upper","t4_alpha0.9912.conv.l","t4_alpha0.9912.conv.u","t6_alpha0.9941.lower","t6_alpha0.9941.upper","t6_alpha0.9941.conv.l","t6_alpha0.9941.conv.u","t8_alpha0.9956.lower","t8_alpha0.9956.upper","t8_alpha0.9956.conv.l","t8_alpha0.9956.conv.u","t10_alpha0.9965.lower","t10_alpha0.9965.upper","t10_alpha0.9965.conv.l","t10_alpha0.9965.conv.u","t12_alpha0.9971.lower","t12_alpha0.9971.upper","t12_alpha0.9971.conv.l","t12_alpha0.9971.conv.u","t14_alpha0.9975.lower","t14_alpha0.9975.upper","t14_alpha0.9975.conv.l","t14_alpha0.9975.conv.u","t16_alpha0.9978.lower","t16_alpha0.9978.upper","t16_alpha0.9978.conv.l","t16_alpha0.9978.conv.u","t18_alpha0.998.lower","t18_alpha0.998.upper","t18_alpha0.998.conv.l","t18_alpha0.998.conv.u","combined.lower","combined.upper","combined.conv.l","combined.conv.u"
0.0303819444444445,0.397135416666667,1,1,-0.009765625,0.381944444444444,1,1,-0.05859375,0.355902777777778,1,1,-0.0819227430555555,0.369466145833333,1,1,-0.117730034722222,0.381944444444444,1,1,-0.154622395833333,0.387369791666667,1,1,-0.160047743055556,0.425347222222222,1,1,-0.195855034722222,0.431315104166667,1,1,-0.228407118055555,0.433485243055555,1,1,0.0303819444444445,0.355902777777778,1,1
-0.0754123263888889,0.281575520833333,1,1,-0.128580729166667,0.263129340277778,1,1,-0.155164930555555,0.261501736111111,1,1,-0.173068576388889,0.275065104166667,1,1,-0.181749131944444,0.340169270833333,1,1,-0.215928819444444,0.364040798611111,1,1,-0.220811631944444,0.4052734375,1,1,-0.242513020833333,0.394422743055555,1,1,-0.275065104166667,0.396592881944444,1,1,-0.0754123263888889,0.261501736111111,1,1
