"t2_alpha0.99.lower","t2_alpha0.99.upper","t2_alpha0.99.conv.l","t2_alpha0.99.conv.u","t6_alpha0.99.lower","t6_alpha0.99.upper","t6_alpha0.99.conv.l","t6_alpha0.99.conv.u","t10_alpha0.99.lower","t10_alpha0.99.upper","t10_alpha0.99.conv.l","t10_alpha0.99.conv.u","t14_alpha0.99.lower","t14_alpha0.99.upper","t14_alpha0.99.conv.l","t14_alpha0.99.conv.u","t18_alpha0.99.lower","t18_alpha0.99.upper","t18_alpha0.99.conv.l","t18_alpha0.99.conv.u","combined.lower","combined.upper","combined.conv.l","combined.conv.u"
0.0260416666666667,0.402560763888889,1,1,-0.0477430555555555,0.345594618055555,1,1,-0.112847222222222,0.363498263888889,1,1,-0.152452256944444,0.402018229166667,1,1,-0.212131076388889,0.425347222222222,1,1,0.0260416666666667,0.345594618055555,1,1
-0.0846354166666666,0.289713541666667,1,1,-0.147026909722222,0.260416666666667,1,1,-0.180121527777778,0.317925347222222,1,1,-0.209418402777778,0.377604166666667,1,1,-0.262044270833333,0.373806423611111,1,1,-0.0846354166666666,0.260416666666667,1,1
