"t6_alpha0.975.lower","t6_alpha0.975.upper","t6_alpha0.975.conv.l","t6_alpha0.975.conv.u","t12_alpha0.975.lower","t12_alpha0.975.upper","t12_alpha0.975.conv.l","t12_alpha0.975.conv.u","t18_alpha0.975.lower","t18_alpha0.975.upper","t18_alpha0.975.conv.l","t18_alpha0.975.conv.u","combined.lower","combined.upper","combined.conv.l","combined.conv.u"
0.254991319444444,0.985243055555555,1,1,0.302734375,1.03352864583333,1,1,0.104166666666667,1.04437934027778,1,1,0.254991319444444,1.03352864583333,1,1
0.0602213541666666,0.837673611111111,1,1,-0.0694444444444444,0.672200520833333,1,1,-0.187717013888889,0.919596354166666,1,1,-0.0694444444444444,0.837673611111111,1,1
