"t2_alpha0.9781.lower","t2_alpha0.9781.upper","t2_alpha0.9781.conv.l","t2_alpha0.9781.conv.u","t6_alpha0.9891.lower","t6_alpha0.9891.upper","t6_alpha0.9891.conv.l","t6_alpha0.9891.conv.u","t10_alpha0.9927.lower","t10_alpha0.9927.upper","t10_alpha0.9927.conv.l","t10_alpha0.9927.conv.u","t14_alpha0.9945.lower","t14_alpha0.9945.upper","t14_alpha0.9945.conv.l","t14_alpha0.9945.conv.u","t18_alpha0.9956.lower","t18_alpha0.9956.upper","t18_alpha0.9956.conv.l","t18_alpha0.9956.conv.u","combined.lower","combined.upper","combined.conv.l","combined.conv.u"
0.260959201388889,0.813802083333333,1,1,0.145399305555556,0.591905381944444,1,1,0.0260416666666667,0.429144965277778,1,1,-0.0184461805555555,0.407443576388889,1,1,-0.0634765625,0.433485243055555,1,1,0.260959201388889,0.407443576388889,1,1
0.0179036458333333,0.564236111111111,1,1,0.0537109375000002,0.462239583333333,1,1,-0.00379774305555555,0.372721354166667,1,1,-0.0802951388888889,0.339084201388889,1,1,-0.0949435763888889,0.4248046875,1,1,0.0537109375000002,0.339084201388889,1,1
