"t12_alpha0.95.lower","t12_alpha0.95.upper","t12_alpha0.95.conv.l","t12_alpha0.95.conv.u"
-0.116644965277778,0.348849826388889,1,1
-0.177408854166667,0.303819444444444,1,1
