"t6_alpha0.9833.lower","t6_alpha0.9833.upper","t6_alpha0.9833.conv.l","t6_alpha0.9833.conv.u","t12_alpha0.9833.lower","t12_alpha0.9833.upper","t12_alpha0.9833.conv.l","t12_alpha0.9833.conv.u","t18_alpha0.9833.lower","t18_alpha0.9833.upper","t18_alpha0.9833.conv.l","t18_alpha0.9833.conv.u","combined.lower","combined.upper","combined.conv.l","combined.conv.u"
0.282660590277778,1.33626302083333,1,1,0.378146701388889,1.50553385416667,1,1,0.140516493055556,1.65744357638889,1,1,0.378146701388889,1.33626302083333,1,1
0.0385199652777778,1.20768229166667,1,1,-0.0933159722222222,1.02756076388889,1,1,-0.298394097222222,1.45562065972222,1,1,0.0385199652777778,1.02756076388889,1,1
